{
  "ae_max": 12.139941241624683,
  "ae_mean": -0.04304458396093274,
  "ae_min": -2.11338641387988,
  "ae_p01": -1.647338258507293,
  "ae_p50": -0.6053137619094855,
  "ae_p99": 4.4580717785786375,
  "ae_std": 1.450581573021083,
  "element_order": [
    1,
    6,
    7,
    8,
    16
  ],
  "num_samples": 4922,
  "refs": {
    "1": -0.6255693181535297,
    "16": 0.0,
    "6": -37.96278328213177,
    "7": -53.82817941303335,
    "8": -75.88978192472668
  }
}
